id,name,studentId,session_id,class_id,section_id,group_id,rank,father,mother,gender_id,mobile,dob,blood_group_id,religion_id,image,address,area,zip,state_id,country_id,email,father_mobile,mother_mobile,notification_type_id,status
94,Tamim,N0220,2022,Nine,A,,3,Nurjjaman,Guljar,Male,987654336,2022-10-23,A+,Islam,20221023175403.jpg,"Khagrachari - Panchari Road",Rangamati,26601,"Cox's Bazar",,admin@gmail.com,"+880 121-451-7956","+880 122-452-7915",admin@gmail.com,2
55,Tanvir,S10575,2022,Five,A,,11,"Nejam Uddin",Maimena,Male,0987654,2022-10-23,O+,Islam,20221023175440.jpg,"বরিশাল সুবিদখালী সড়ক",Dumki,128944,Barguna,,cadewi@mailinator.com,"+880 121-451-7917","+880 122-452-7912",cadewi@mailinator.com,1
12,Faruk,S110,2022,Two,A,,1,"Atikur Rahman",Jhuhora,Male,01988748411,2019-10-23,AB+,Islam,20221023172401.jpg,"Cumilla-Sylhet Highway",Cumilla,97971,Faridpur,,meduki@mailinator.com,"+880 122-452-7896","+880 122-452-7898",meduki@mailinator.com,1
8,"prosenjit Roy",S1115,2022,One,A,,8,"Horesh Chandro","Nithuya Chakraborti",Male,0193038483,2019-10-23,AB-,Hinduism,20221023172423.jpg,"Lakshmipur - Char Alaxander Rd",Hajiganj,54210,Sirajganj,,fulo@mailinator.com,"+880 122-452-7894","+880 121-451-7896",fulo@mailinator.com,0
9,"Devi Dey",S114,2022,One,A,,9,"Bimol Ghush","Rahim Khatun",Female,451468453,2022-10-26,A+,Christianity,20221025113727.jpg,"Gumoti Beribadh Road",Companiganj,11562,Gopalganj,,cijeder@mailinator.com,"+880 121-451-7894","+880 122-452-7897",cijeder@mailinator.com,1
56,Jony,S12300,2022,Six,A,,1,Maruf,Sadia,Male,34567897,2022-10-23,O+,Islam,20221023175609.jpg,"Tungipara-Nazirpur-Pirojpur Road",Dumki,178777,Barguna,,cadewi@mailinator.com,"+880 121-451-7918","+880 122-452-7896",cadewi@mailinator.com,1
86,"Ella Jones",S1354,2022,Eight,A,,9,"Ali Ahmed","Dilruba Akter",Male,98765433456,2022-10-23,A+,Christianity,20221023175650.jpg,"Chattogram-Cox's Bazar Highway",Panchari,29278,Natore,,smartrahat@gmail.com,"+880 121-451-7948","+880 122-452-7911",smartrahat@gmail.com,1
57,"Mirja Fakrul",S14025,2022,Six,A,,2,"Maruya Islam",Adiba,Male,23456789876,2022-10-23,O-,Islam,20221023175724.jpg,"Nagor hat to Kalaia",Jhalokati,79111,Pabna,,iftekhar0967@gmail.com,"+880 121-451-7919","+880 121-451-7896",iftekhar0967@gmail.com,0
58,"Rubel Ahmed",S15750,2022,Six,A,,3,Mahfuz,Marjadi,Male,98766789,2022-10-23,O-,Islam,20221023175807.jpg,"Tushkhali-Telekhali- IkriRoad",Jhalokati,79111,Pabna,,iftekhar0967@gmail.com,"+880 121-451-7920","+880 122-452-7897",iftekhar0967@gmail.com,0
85,"Shihab Uddin",S1652,2022,Eight,A,,8,Lukman,"Nowshin Akter",Male,456765,2022-11-04,O+,Islam,20221023175902.jpg,"Kirtipasha Rd","Nazirhat, Zhonkar",10116,Munshiganj,,cyram@mailinator.com,"+880 121-451-7947","+880 121-451-7910",cyram@mailinator.com,0
59,Morrison,S17475,2022,Six,A,,4,Yousuf,Pushpa,Male,01988733787,2018-10-23,O-,Christianity,20221023172541.jpg,"Barisal-Pirojpur Highway",Mirzaganj,91094,Cumilla,,monir77ctgbd@gmail.com,"+880 121-451-7921","+880 121-451-7897",monir77ctgbd@gmail.com,0
21,Bristy,S1772,2022,Two,A,,10,"Arjun ","Farhana Akter",Female,01988743788,2018-10-23,O+,Islam,20221023172740.jpg,"Cox's Bazar-Teknaf Highway","Khunia Palong",56600,Thakurgaon,,misyxaw@mailinator.com,"+880 121-451-7900","+880 122-452-7901",misyxaw@mailinator.com,1
10,maynuddin,S18,2022,One,A,,10,"Hashem ali","Nishat Tasnima",Male,"+880 121-451-7901",02/07/1960,A+,Islam,20220522180429.jpeg,"Gorokghata-Janata Bazar Road","Cox's Bazar",11715,Mymensingh,,wulohi@mailinator.com,"+880 122-452-7895","+880 122-452-7897",wulohi@mailinator.com,1
1,Shuvo,S191,2022,One,A,,1,"Mozaffor Khah","Farhana Akter",Male,"+880 121-451-7898",01/01/1915,AB-,Islam,S191.jpg,"Bayezid Link Road",Chattogram,71279,Barguna,,cukeqype@mailinator.com,"+880 121-451-7890","+880 122-452-7894",cukeqype@mailinator.com,1
11,Colin,S1910,2022,One,A,,11,"Myline Lofez","Jhuliyan Park",Male,4646546546,2022-10-25,O+,Christianity,20221025113353.jpg,"Marine Drive","Cox's Bazar",14926,Dhaka,,smmijan218@gmail.com,"+880 121-451-7895","+880 121-451-7897",smmijan218@gmail.com,1
13,Ariyan,S1911,2022,Two,A,,2,"Hasan Khan","Sharmin Akter",Male,456998767,2022-10-25,O+,Islam,20221025121122.jpg,"Dhaka-Sylhet Highway",Debidwar,41508,Barguna,,kirofyrezi@mailinator.com,"+880 121-451-7896","+880 122-452-7898",kirofyrezi@mailinator.com,1
14,klinton,S19121,2022,Two,A,,3,"Jadeh Rojars","Angela Goff",Male,565468686,2022-10-25,B-,Christianity,20221025131737.jpg,"Matlab - Chandpur Road",Dhakirgaow,79947,Barguna,,kabixa6263@edxplus.com,"+880 122-452-7897","+880 121-451-7898",kabixa6263@edxplus.com,0
16,"Anirudda Das",S19122,2022,Two,A,,5,"Lokesh Pallob","Prisila Ray",Male,6876798769,2022-10-25,B-,Hinduism,20221025121303.jpg,"Comilla-Chandpur Rd",Hajiganj,44129,Rajshahi,,iftekhar0967@gmail.com,"+880 122-452-7898","+880 122-452-7899",iftekhar0967@gmail.com,1
26,Sajit,S19128,2022,Three,A,,4,Imrul,"Nadia Sultana",Male,029898984,2022-10-23,A+,Islam,20221023173107.jpg,"Chittagong Khagrachhari Highway",Manikchari,131605,"Cox's Bazar",,pokitulo@mailinator.com,"+880 122-452-7903","+880 121-451-7902",pokitulo@mailinator.com,0
29,"Abdul Bari",S19129,2022,Three,A,,7,"Nasir Uddin",Guljar,Male,67587764,2022-10-25,A+,Islam,20221025121456.jpg,"Mudaffarganj-Catkhil Road",Muddafarganj,176608,Barguna,,salu@mailinator.com,"+880 121-451-7904","+880 121-451-7903",salu@mailinator.com,0
65,"Nurul Kabir",S19131,2022,Six,A,,10,Marjadi,"Shobnom Faria",Male,6546546546,2022-10-25,O+,Islam,20221025125955.jpg,"Zoo Road",Beoline,41508,Barguna,,kirofyrezi@mailinator.com,"+880 121-451-7927","+880 121-451-7900",kirofyrezi@mailinator.com,1
17,"Nasrin Akter",S19132,2022,Two,A,,6,"Nasir Uddin","Jahana Begum",Female,51468465,2022-10-25,A+,Islam,20221025121538.jpg,"Hajigonj-Chandpur Rd",Hajiganj,87245,Manikganj,,xuvavipe@mailinator.com,"+880 121-451-7898","+880 121-451-7899",xuvavipe@mailinator.com,1
67,O'Neal,S19141,2022,Seven,A,,1,Amitav,Rumana,Male,5165666546,2022-10-25,B-,Christianity,20221025131923.jpg,"Dhaka-Rajshahi Highway","Char Bedama",79947,Barguna,,kabixa6263@edxplus.com,"+880 121-451-7929","+880 121-451-7901",kabixa6263@edxplus.com,0
66,"Shujat Paul",S19142,2022,Six,A,,11,Anirban,Dilruba,Male,6516546,2022-10-25,B-,Hinduism,20221025121625.jpg,"Dhaka-Barishal Highway",Brahmanpara,44129,Rajshahi,,iftekhar0967@gmail.com,"+880 121-451-7928","+880 122-452-7901",iftekhar0967@gmail.com,1
25,"Faria Sultana",S1917,2022,Three,A,,3,"Jashim Uddin","Jamila Khatun",Female,01884998992,2018-10-23,AB-,Hinduism,20221023172826.jpg,"Port Link Road",Latifpur,116604,Panchagarh,,puzopytu@mailinator.com,"+880 121-451-7902","+880 122-452-7902",puzopytu@mailinator.com,0
73,Araf,S1918,2022,Seven,A,,7,"Akbor Ali","Nur Jahara",Male,6516846,2022-10-25,A+,Islam,20221025121701.jpg,"Dhaka-Barisal Highway",Hazirhat,55550,"Cox's Bazar",,pokitulo@mailinator.com,"+880 121-451-7935","+880 121-451-7904",pokitulo@mailinator.com,0
28,"Fahim Sarkar",S1919,2022,Three,A,,6,"Jahed Khan",Nasrin,Male,6543223,2022-10-23,O+,Islam,20221023173338.jpg,"Laksam - Muddafarganj Rd",Muddafarganj,161607,Pabna,,jecurocuri@mailinator.com,"+880 122-452-7904","+880 122-452-7903",jecurocuri@mailinator.com,0
60,Alauddin,S19200,2022,Six,A,,5,Irfan,Shoshmi,Male,65165468,2022-10-25,A+,Islam,20221025121735.jpg,"Chattogram-Coxs Bazar Highway","Pirojpur Municipality",26601,"Cox's Bazar",,admin@gmail.com,"+880 121-451-7922","+880 122-452-7898",admin@gmail.com,1
99,"Bertha English",S19257,2022,Nine,A,,4,Tamim,"Israt Sultana",Male,654654654,2022-10-18,O-,Islam,20221025130308.jpg,"Cumilla-Sylhet Highway","Cox's Bazar",79111,Pabna,,iftekhar0967@gmail.com,"+880 121-451-7961","+880 121-451-7917",iftekhar0967@gmail.com,0
109,Mukim,S19357,2022,Ten,A,,1,"Abdul Halim",Nadia,Male,564168468,2022-10-25,O+,Islam,20221025121812.jpg,"Satarkul Vatara 1st Bridge","Khunia Palong",26598,Thakurgaon,,misyxaw@mailinator.com,"+880 121-451-7971","+880 121-451-7922",misyxaw@mailinator.com,1
31,Nadia,S1940,2022,Three,A,,9,"Sultan Ahmed","Sumaiya Akter",Female,"+880 121-451-7908",02/07/1960,B-,Islam,S1806417.jpg,"Khagrachari - Panchari Road",Panchari,17201,Bandarban,,qyholar@mailinator.com,"+880 121-451-7905","+880 122-452-7904",qyholar@mailinator.com,0
34,"Nahid Hasan",S19420,2022,Four,A,,1,"Mitul Hussain","Nowshin Akter",Male,6546546546,2022-10-25,A+,Islam,20221025130325.jpg,"Moddonagar - Velanaga Rd","Paschim Rupasdi",99188,Naogaon,,kukajejedi@mailinator.com,"+880 122-452-7907","+880 122-452-7905",kukajejedi@mailinator.com,1
80,Adiba,S19426,2022,Eight,A,,3,"Mozaffor Khah","Faria Sultana",Female,6546654,2022-10-25,B-,Islam,20221025130338.jpg,"Dashmina -Kalaya Road",Latifpur,15167,Shariatpur,,kepagiquta@mailinator.com,"+880 121-451-7942","+880 122-452-7908",kepagiquta@mailinator.com,1
82,Marjadi,S19427,2022,Eight,A,,5,"Akbor Ali","Jamila Khatun",Female,54564464646,2022-10-25,O+,Islam,20221025130351.jpg,"Dhaka - Patuakhali Highway",Muddafarganj,77476,Chapainawabganj,,seqafyr@mailinator.com,"+880 121-451-7944","+880 122-452-7909",seqafyr@mailinator.com,0
37,Anirban,S19430,2022,Four,A,,4,"Niloy Chakroborti","Devi Dey",Male,12345678,2022-10-23,AB-,Hinduism,20221023173358.jpg,"Rangamati-Bandarban Road",Raikhali,18940,Barguna,,sixidibaz@mailinator.com,"+880 121-451-7908","+880 122-452-7906",sixidibaz@mailinator.com,0
40,Aakhi,S19440,2022,Four,A,,7,Nurjjaman,"Guljar Begum",Female,0198934874,2018-10-23,O+,Islam,20221023173020.jpg,"Balipara-Morolganj-Zianagar Road",Rangamati,74814,Panchagarh,,xova@mailinator.com,"+880 122-452-7910","+880 122-452-7907",xova@mailinator.com,1
74,"Ummeh Habiba",S19450,2022,Seven,A,,8,Anirban,"Nowshin Akter",Female,"+880 122-452-7899",02/08/1951,O+,Islam,S1940.jpg,"Jajira-Shariatpur Road",Ibrahimpur,74814,Panchagarh,,xova@mailinator.com,"+880 121-451-7936","+880 122-452-7905",xova@mailinator.com,1
46,Marjana,S1946,2022,Five,A,,2,"Mozaffor Khah","Jhohora Banu",Female,9876543246,2022-10-23,B-,Islam,20221023173617.jpg,"Charfassion -Bhola Highway",Barishal,15167,Shariatpur,,kepagiquta@mailinator.com,"+880 122-452-7913","+880 122-452-7909",kepagiquta@mailinator.com,1
47,Dilruba,S1947,2022,Five,A,,3,"Sajid Khan","Nowshin Akter",Female,7654322345,2022-10-23,O+,Islam,20221023173550.jpg,"Kacha Road in front of Kari house",Barishal,77476,Chapainawabganj,,seqafyr@mailinator.com,"+880 121-451-7913","+880 121-451-7909",seqafyr@mailinator.com,0
4,Sinthia,S195,2022,One,A,,4,"Pillan Bukkar","Xantha Mechy",Female,"+880 121-451-7899",02/02/2015,AB-,Christianity,"Dolore consequatur.jpeg","Chittagong-Kaptai Road",Chattogram,95551,Kurigram,,jowymanyxa@mailinator.com,"+880 122-452-7892","+880 122-452-7895",jowymanyxa@mailinator.com,1
50,Nadia,S1950,2022,Five,A,,6,"Sultan Ahmed","Farhana Akter",Female,98765432345679,2022-10-23,O+,Islam,20221023173853.jpg,"Atharogasia Road",Burhanuddin,79114,Lakshmipur,,iftekhar0967@gmail.com,"+880 122-452-7915","+880 121-451-7910",iftekhar0967@gmail.com,0
84,Lamia,S19520,2022,Eight,A,,7,"Abdul Halim","Jhohora Banu",Female,646546456,2022-10-27,O+,Islam,20221025130402.jpg,"Jhalokathi-Nobogram-Banaripara Rd",Muddafarganj,79114,Lakshmipur,,iftekhar0967@gmail.com,"+880 121-451-7946","+880 122-452-7910",iftekhar0967@gmail.com,0
92,"Bertha English",S1957,2022,Nine,A,,1,Jahid,"Israt Sultana",Male,6545465,2022-10-26,O-,Islam,20221025130419.jpg,"Mudaffarganj-Catkhil Road",Raikhali,79111,Pabna,,iftekhar0967@gmail.com,"+880 121-451-7954","+880 122-452-7914",iftekhar0967@gmail.com,1
93,"Bertha English",S1958,2022,Nine,A,,2,Mukim,Tarin,Male,6546546,2022-10-25,O-,Islam,20221025130441.jpg,"Chittagong-Khagrachhari Highway",Rangamati,79111,Pabna,,iftekhar0967@gmail.com,"+880 121-451-7955","+880 121-451-7914",iftekhar0967@gmail.com,0
91,"Lydia Patrick",S1959,2022,Nine,A,,3,Colin,"Jannt Akter",Male,6846546,2022-10-25,O-,Christianity,20221025131610.jpg,"Laksam - Muddafarganj Rd",PecharDwip,91094,Cumilla,,monir77ctgbd@gmail.com,"+880 121-451-7953","+880 121-451-7913",monir77ctgbd@gmail.com,1
5,"Shakib Al-Hasan",S196,2022,One,A,,5,"Abdul Halim",Maimena,Male,65464684,2022-10-25,A+,Islam,20221025121854.jpg,"Dhaka - Chattogram Highway",Chattogram,66176,Noakhali,,qonig@mailinator.com,"+880 121-451-7892","+880 121-451-7895",qonig@mailinator.com,1
95,"Moni Dikosta",S1961,2022,Nine,A,,1,"Jamal Uddin","Altas Begum",Male,654654646,2022-10-25,O+,Christianity,20221025131803.jpg,"Bancharampur - Nabinagar Rd/Rupasdi-Belanagar-Road",Rangamati,29890,Moulvibazar,,kabixa6263@edxplus.com,"+880 121-451-7957","+880 121-451-7915",kabixa6263@edxplus.com,1
6,"Salah Uddin",S197,2022,One,A,,6,Lukman,Anima,Male,"+880 122-452-7899",02/03/1996,AB-,Islam,S197.jpeg,"Dhaka - Chattogram Highway",Chattogram,10181,Sirajganj,,vyselum@mailinator.com,"+880 122-452-7893","+880 122-452-7896",vyselum@mailinator.com,1
61,Pittier,S20925,2022,Six,A,,6,"Ella Jones",Fahmida,Male,75,2018-10-23,O+,Christianity,20221023171602.jpg,"Mollitia in nostrud","Neque aut minus offi",90934,"Cox's Bazar",,jigibo@mailinator.com,"+880 121-451-7923","+880 121-451-7898",jigibo@mailinator.com,0
32,Mithila,S2141,2022,Three,A,,10,"Willow Libnec","Prisila Ray",Female,23458765,2022-10-23,AB-,Christianity,20221023174305.jpg,"Bancharampur - Nabinagar Rd/Rupasdi-Belanagar-Road","Paschim Rupasdi",16202,Narayanganj,,folady@mailinator.com,"+880 122-452-7906","+880 121-451-7904",folady@mailinator.com,1
43,"Israt Sultana",S2142,2022,Four,A,,10,"Monir Hussain","Nowshin Akter",Female,64565468,2022-10-25,O+,Islam,20221025123450.jpg,"Dopdopia Bridge",Ukhia,98791,Lalmonirhat,,sizaruheha@mailinator.com,"+880 121-451-7911","+880 122-452-7908",sizaruheha@mailinator.com,1
35,Adev,S21421,2022,Four,A,,2,Jadev,"Rosalyn Acosta",Male,6465415,2022-10-25,O+,Christianity,20221025122627.jpg,"Meher-Rahima Nagar Road",Payalgacha,47825,Noakhali,,cylukek@mailinator.com,"+880 121-451-7907","+880 121-451-7905",cylukek@mailinator.com,1
76,Jaisa,S21422,2022,Seven,A,,10,Colin,Maimena,Female,455774465,2022-10-25,O+,Islam,20221025123515.jpg,"Suruj Road","Khunia Palong",98791,Lalmonirhat,,sizaruheha@mailinator.com,"+880 121-451-7938","+880 122-452-7906",sizaruheha@mailinator.com,1
78,"Rani Mukarji",S21424,2022,Eight,A,,1,"Sajol Kanti","Bristy ",Female,46465465,2022-10-25,A-,Hinduism,20221025123537.jpg,"Kacha Road in front of Kari house",Khuntakhali,17022,Habiganj,,hofogabudo@mailinator.com,"+880 121-451-7940","+880 122-452-7907",hofogabudo@mailinator.com,1
79,Sadia,S21425,2022,Eight,A,,2,"Nurul Kabir","Farjana Akter",Female,1354668,2022-10-25,O+,Islam,20221025123616.jpg,"Road from Talukdar Hut to Mojom Bazaar",Kochua,15678,Jamalpur,,xynevihe@mailinator.com,"+880 121-451-7941","+880 121-451-7907",xynevihe@mailinator.com,1
36,Nafisa,S21428,2022,Four,A,,3,"Imrul Kayes",Luksana,Female,65436546,2022-10-25,O-,Islam,20221025131112.jpg,"Marine Drive",PecharDwip,91576,Cumilla,,kymyteboju@mailinator.com,"+880 122-452-7908","+880 122-452-7906",kymyteboju@mailinator.com,1
38,"Sajol Kanti",S21431,2022,Four,A,,5,"Bijoy Kanti",Anamika,Male,"+880 122-452-7899",02/02/2005,O+,Hinduism,1662622.jpg,"Rajbari Road",Rangamati,68442,Rajshahi,,qenasicom@mailinator.com,"+880 122-452-7909","+880 121-451-7906",qenasicom@mailinator.com,1
39,Chris,S21438,2022,Four,A,,6,"Herrit Cotton","Angela Goff",Male,0987654367,2022-10-23,AB-,Christianity,20221023174928.jpg,"Rangamati-Khagrachari Road",Rangamati,95690,Habiganj,,ruta@mailinator.com,"+880 121-451-7909","+880 122-452-7907",ruta@mailinator.com,1
44,Anamika,S2144,2022,Four,A,,11,"Shimul Gush","Kamini Ray",Female,6541634684,2022-10-25,A-,Hinduism,20221025124114.jpg,"Aulipura to Bilbilas road",Balipara,17022,Habiganj,,hofogabudo@mailinator.com,"+880 122-452-7912","+880 121-451-7908",hofogabudo@mailinator.com,1
41,"Niloy Das",S21441,2022,Four,A,,8,"Bimol Ghush","Kamini Ray",Male,635465465,2022-10-25,A+,Hinduism,20221025122524.jpg,"Chakhar Rd","Torab Gonj",17720,Barishal,,dofu@mailinator.com,"+880 121-451-7910","+880 121-451-7907",dofu@mailinator.com,0
42,"Jannt Akter",S21448,2022,Four,A,,9,Ahnaf,"Jamila Khatun",Female,564365153,2022-10-25,A+,Islam,20221025122816.jpg,"Barisal - Bhola Highway",Ujirpur,94011,Noakhali,,tinagomyko@mailinator.com,"+880 122-452-7911","+880 122-452-7908",tinagomyko@mailinator.com,0
45,"Ruksar kashem Sadia",S2145,2022,Five,A,,1,Imrul,Maimena,Female,6168468,2022-10-25,O+,Islam,20221025124139.jpg,"Bauphal to Nurainpur Road",Banaripara,15678,Jamalpur,,xynevihe@mailinator.com,"+880 121-451-7912","+880 122-452-7909",xynevihe@mailinator.com,1
77,Amitav,S21451,2022,Seven,A,,11,"Bimol Ghush","Tumpa ",Male,541651,2022-10-24,A+,Hinduism,20221025123238.jpg,"Charfassion -Bhola Highway","Khunia Palong",17720,Barishal,,dofu@mailinator.com,"+880 121-451-7939","+880 121-451-7906",dofu@mailinator.com,0
75,Jerin,S21458,2022,Seven,A,,9,Tushar,"Dilruba Akter",Female,654651,2022-10-25,A+,Islam,20221025123004.jpg,"Sadar Road",Jaliapalong,94011,Noakhali,,tinagomyko@mailinator.com,"+880 121-451-7937","+880 121-451-7905",tinagomyko@mailinator.com,0
100,Tarin,S21468,2022,Nine,A,,4,Mukim,Sadia,Female,6546868,2022-10-25,A+,Islam,20221025125240.jpg,"Lakshmipur - Char Alaxander Rd",Cumilla,94011,Noakhali,,tinagomyko@mailinator.com,"+880 121-451-7962","+880 122-452-7918",tinagomyko@mailinator.com,0
110,"Bajlur Sattar",S21478,2022,Ten,A,,2,Muyaj,Mithila,Male,65136436,2022-10-25,O+,Islam,20221025125253.jpg,"Zoo Road","Khunia Palong",26598,Thakurgaon,,misyxaw@mailinator.com,"+880 121-451-7972","+880 122-452-7923",misyxaw@mailinator.com,1
33,Ratul,S2148,2022,Three,A,,11,Ahnaf,"Jannat Akter",Male,098732,2022-10-23,A+,Christianity,20221023174836.jpg,"Khalla Darikandi Rd/Belanagar - Bahadurpur Rd","Paschim Rupasdi",70209,Barguna,,retupyf@mailinator.com,"+880 121-451-7906","+880 122-452-7905",retupyf@mailinator.com,0
20,"Hasan Khan",S221,2022,Two,A,,9,"Lukman Hakim","Nur Banu",Male,654654646,2022-10-25,O+,Islam,20221025125308.jpg,Inani-Shamlapur,Jaliapalong,41599,Barguna,,cadewi@mailinator.com,"+880 122-452-7900","+880 121-451-7900",cadewi@mailinator.com,1
15,"Tumpa Ray",S2211,2022,Two,A,,4,"Mitush Babu","Tonima Ray",Female,6454566,2022-10-25,A-,Hinduism,20221025125348.jpg,"Dighinala - Babuchara Road",Dighinala,75491,Manikganj,,vanylisas@mailinator.com,"+880 121-451-7897","+880 122-452-7899",vanylisas@mailinator.com,0
19,Tumpa,S22124,2022,Two,A,,8,"Bashir Uddin",Jaisa,Female,12345678,2022-10-23,O+,Islam,20221023174802.jpg,"Companiganj - Nabinagar Rd",Ibrahimpur,26598,Thakurgaon,,misyxaw@mailinator.com,"+880 121-451-7899","+880 122-452-7900",misyxaw@mailinator.com,1
68,Aysha,S22134,2022,Seven,A,,2,"Shihab Uddin",Nadia,Female,6513568,2022-10-26,O+,Islam,20221025123357.jpg,"Gala Road",Debidwar,26598,Thakurgaon,,misyxaw@mailinator.com,"+880 121-451-7930","+880 122-452-7902",misyxaw@mailinator.com,1
18,"Nishat Taslima",S2214,2022,Two,A,,7,"Nejam Uddin",Tarin,Female,6535853,2022-10-25,AB-,Islam,20221025124409.jpg,"Lakshmipur - Char Alaxander Rd",Hazirhat,11597,Naogaon,,lovyxujyv@mailinator.com,"+880 122-452-7899","+880 122-452-7900",lovyxujyv@mailinator.com,1
23,"Farjana Akter",S2216,2022,Three,A,,1,"Jamal Uddin",Mirjadi,Female,07654338765,2022-10-23,AB-,Islam,20221023174642.jpg,"Chattogram-Cox's Bazar Highway",Khuntakhali,86602,Chapainawabganj,,kyvodepen@mailinator.com,"+880 121-451-7901","+880 121-451-7901",kyvodepen@mailinator.com,1
27,Anima,S222,2022,Three,A,,5,"Mitush Babu","Tanima Ray",Female,0987654345,2022-10-23,O+,Hinduism,20221023174457.jpg,"Comilla - Chandpur Rd",Muddafarganj,146606,Barguna,,kasevely@mailinator.com,"+880 121-451-7903","+880 122-452-7903",kasevely@mailinator.com,1
24,"Imran Hussain",S2221,2022,Three,A,,2,"Akbor Ali","Bibi Rahima",Male,12356776543,2022-10-23,O+,Islam,20221023174715.jpg,"Gauripur - Kachua Road",Kochua,101603,Barguna,,cadewi@mailinator.com,"+880 122-452-7902","+880 122-452-7902",cadewi@mailinator.com,1
87,Muyaj,S2231,2022,Eight,A,,10,"Nur Hussain",Nadia,Male,6546544,2022-10-25,O+,Islam,20221025124435.jpg,"Gauripur - Kachua Road","Paschim Rupasdi",139026,Barguna,,cadewi@mailinator.com,"+880 121-451-7949","+880 121-451-7911",cadewi@mailinator.com,1
30,"Fakrul Islam",S224,2022,Three,A,,8,"Nur Hussain","Altas Begum",Male,123456776543,2022-10-23,A-,Islam,20221023174416.jpg,"Chittagong-Khagrachhari Highway","Nazirhat, Zhonkar",191609,Barguna,,gyfyxani@mailinator.com,"+880 122-452-7905","+880 122-452-7904",gyfyxani@mailinator.com,1
88,Humayun,S2241,2022,Eight,A,,11,"Jamal Uddin",Mithila,Male,435463463,2022-10-20,O+,Islam,20221025131824.jpg,"Port Link Road","Paschim Rupasdi",127043,Barguna,,cadewi@mailinator.com,"+880 121-451-7950","+880 122-452-7912",cadewi@mailinator.com,1
83,Maimena,S22428,2022,Eight,A,,6,"Ali Ahmed","Nadia Sultana",Female,6545465,2022-10-26,AB+,Islam,20221025131035.jpg,"Dumki - Bauphal - Dashmina - Galachipa Highway",Muddafarganj,71650,Cumilla,,qohynom@mailinator.com,"+880 121-451-7945","+880 121-451-7909",qohynom@mailinator.com,1
48,Rumana,S2248,2022,Five,A,,4,"Akbor Ali","Dilruba Akter",Female,6546545,2022-10-25,AB+,Islam,20221025131022.jpg,"Road from Talukdar Hut to Mojom Bazaar",Bauphal,71650,Cumilla,,qohynom@mailinator.com,"+880 122-452-7914","+880 122-452-7910",qohynom@mailinator.com,1
49,"Hamidul Bari",S225,2022,Five,A,,5,"Nasir Uddin",Maimena,Male,5856468,2022-10-26,O-,Islam,20221025130823.jpg,"Dashmina -Kalaya Road",Bauphal,65824,Barguna,,jubozebera@mailinator.com,"+880 121-451-7914","+880 122-452-7910",jubozebera@mailinator.com,1
89,Masud,S2251,2022,Nine,A,,1,"Akbor Ali",Nafisa,Male,64646468,2022-11-03,O+,Islam,20221025125459.jpg,"Chittagong Khagrachhari Highway","Paschim Rupasdi",115060,Barguna,,cadewi@mailinator.com,"+880 121-451-7951","+880 121-451-7912",cadewi@mailinator.com,1
81,Nowshad,S2252,2022,Eight,A,,4,"Abul Kashem","Bibi Rahima",Male,65465435,2022-10-26,O-,Islam,20221025130731.jpg,"Atharogasia Road",Manikchari,14656,Barguna,,jubozebera@mailinator.com,"+880 121-451-7943","+880 121-451-7908",jubozebera@mailinator.com,1
90,Kashem,S2261,2022,Nine,A,,2,"Jashim Uddin",Aakhi,Male,6465468,2022-10-25,O+,Islam,20221025124822.jpg,"Comilla - Chandpur Rd",Payalgacha,103077,Barguna,,cadewi@mailinator.com,"+880 121-451-7952","+880 122-452-7913",cadewi@mailinator.com,1
62,"Nurul Anowar",S22650,2022,Six,A,,7,"Nurul Anowar","Aivi Rahman",Male,65465468,2022-10-25,O+,Islam,20221025124840.jpg,"Burichang - Brahmanpara Road",Telekhali,33645,Barguna,,cadewi@mailinator.com,"+880 121-451-7924","+880 122-452-7899",cadewi@mailinator.com,1
7,"Atikur Rahman",S227,2022,One,A,,7,"Ali Ahmed",Jhohora,Male,6515453,2022-10-25,O-,Islam,20221025130715.jpg,"Cumilla-Sylhet Highway",Cumilla,50880,Khagrachhari,,laqigazyw@mailinator.com,"+880 121-451-7893","+880 122-452-7896",laqigazyw@mailinator.com,1
96,Mirja,S2271,2022,Nine,A,,2,Ahnaf,"Sumaiya Akter",Male,56747585876,2022-10-25,O+,Islam,20221025124508.jpg,"Khalla Darikandi Rd/Belanagar - Bahadurpur Rd","Torab Gonj",33179,Barguna,,cadewi@mailinator.com,"+880 121-451-7958","+880 122-452-7916",cadewi@mailinator.com,1
98,Ruksana,S2281,2022,Nine,A,,4,"Bertha English","Jannt Akter",Female,"+880 122-452-7899",02/11/1924,A+,Islam,"2022-04-02 17:17:58.jpg","Dhaka - Chattogram Highway","Cox's Bazar",39757,Barguna,,mywahegot@mailinator.com,"+880 121-451-7960","+880 122-452-7917",mywahegot@mailinator.com,1
63,"Nurul Azim",S24375,2022,Six,A,,8,"Nurul Azim","Tanzina Tuli",Male,8574868,2022-10-25,O+,Islam,20221025124534.jpg,"Char Alaxander-Sonapur Rd","কাচারী বাড়ি",36266,Barguna,,cadewi@mailinator.com,"+880 121-451-7925","+880 121-451-7899",cadewi@mailinator.com,1
102,"Tanzina Tuli",S251225,2022,Nine,A,,5,Jahid,Marjadi,Female,4565684,2022-10-25,O+,Islam,20221025124548.jpg,"Gorokghata-Janata Bazar Road",Dhakirgaow,26598,Thakurgaon,,misyxaw@mailinator.com,"+880 121-451-7964","+880 122-452-7919",misyxaw@mailinator.com,1
103,"Adiba Nowshin",S251235,2022,Nine,A,,6,Ariyan,Maimena,Female,58756784,2022-10-25,O+,Islam,20221025124639.jpg,"Marine Drive",Dighinala,26598,Thakurgaon,,misyxaw@mailinator.com,"+880 121-451-7965","+880 121-451-7919",misyxaw@mailinator.com,1
104,"Shobnom Faria",S251245,2022,Ten,A,,1,"Jashim Uddin",Lamia,Female,64654684,2022-10-26,O+,Islam,20221025124734.jpg,"Cumilla-Sylhet Highway",Hajiganj,26598,Thakurgaon,,misyxaw@mailinator.com,"+880 121-451-7966","+880 122-452-7920",misyxaw@mailinator.com,1
101,"Nusrat Faria",S25125,2022,Nine,A,,5,"Bajlur Sattar",Adiba,Female,68435468,2022-10-25,O+,Islam,20221025124858.jpg,"Gumoti Beribadh Road",Debidwar,26598,Thakurgaon,,misyxaw@mailinator.com,"+880 121-451-7963","+880 121-451-7918",misyxaw@mailinator.com,1
105,Pushpa,S251255,2022,Ten,A,,2,Imrul,Ruksana,Female,684684686,2022-10-25,O+,Islam,20221025124922.jpg,"Chattogram-Coxs Bazar Highway",Hajiganj,26598,Thakurgaon,,misyxaw@mailinator.com,"+880 121-451-7967","+880 121-451-7920",misyxaw@mailinator.com,1
106,Shoshmi,S251265,2022,Ten,A,,3,"Jamal Uddin",Dilruba,Female,56468468,2022-10-25,O+,Islam,20221025124939.jpg,"Changini Road",Hazirhat,26598,Thakurgaon,,misyxaw@mailinator.com,"+880 121-451-7968","+880 122-452-7921",misyxaw@mailinator.com,1
107,Fahmida,S251275,2022,Ten,A,,4,"Akbor Ali",Rumana,Female,4557686,2022-10-25,O+,Islam,20221025124956.jpg,"Burichang - Brahmanpara Road",Ibrahimpur,26598,Thakurgaon,,misyxaw@mailinator.com,"+880 121-451-7969","+880 121-451-7921",misyxaw@mailinator.com,1
108,"Aivi Rahman",S251285,2022,Ten,A,,5,Nurjjaman,Nadia,Female,6513659,2022-10-26,O+,Islam,20221025125016.jpg,"Char Alaxander-Sonapur Rd",Jaliapalong,26598,Thakurgaon,,misyxaw@mailinator.com,"+880 121-451-7970","+880 122-452-7922",misyxaw@mailinator.com,1
69,sharmin,S2517,2022,Seven,A,,3,"Ali Ahmed",Tarin,Female,654684684,2022-10-21,O+,Islam,20221025125032.jpg,"Tangail City Bypass Road",Dhakirgaow,26598,Thakurgaon,,misyxaw@mailinator.com,"+880 121-451-7931","+880 121-451-7902",misyxaw@mailinator.com,1
112,"Ovi Bissas",S2530,2022,Ten,A,,4,"Sajol Kanti",Jaisa,Male,645445644,2022-10-25,O+,Islam,20221025130703.jpg,"Dhaka-Rajshahi Highway",Dhaka,26598,Thakurgaon,,misyxaw@mailinator.com,"+880 121-451-7974","+880 122-452-7924",misyxaw@mailinator.com,1
64,Nahida,S26100,2022,Six,A,,9,Nowshad,"Adiba Nowshin",Female,"+880 121-451-7919",02/03/1996,A+,Islam,"2022-04-02 17:17:58.jpg","Satarkul Vatara 1st Bridge",Baraitoli,38887,Barguna,,mywahegot@mailinator.com,"+880 121-451-7926","+880 122-452-7900",mywahegot@mailinator.com,1
113,Maruf,S2721,2022,Ten,A,,5,Kashem,"Nur Banu",Male,098765,2022-10-25,O+,Islam,20221025124153.jpg,"Gala Road",Dhaka,26598,Thakurgaon,,misyxaw@mailinator.com,"+880 121-451-7975","+880 121-451-7924",misyxaw@mailinator.com,1
70,Arina,S2820,2022,Seven,A,,4,"Horesh Chandro",Jaisa,Female,12345678,2022-10-25,AB-,Other,20221025124240.jpg,"Shaheen College Rd",Dighinala,15587,Chapainawabganj,,kyvodepen@mailinator.com,"+880 121-451-7932","+880 122-452-7903",kyvodepen@mailinator.com,1
114,"Maruya Islam",S2912,2022,Ten,A,,1,"Nur Hussain","Farhana Akter",Male,1234567,2022-10-25,O+,Islam,20221025124323.jpg,"Tangail City Bypass Road",Dhaka,26598,Thakurgaon,,misyxaw@mailinator.com,"+880 121-451-7976","+880 122-452-7925",misyxaw@mailinator.com,1
115,Mahfuz,S3103,2022,Ten,A,,2,"Jamal Uddin","Nur Jahara",Male,2345678,2022-10-25,O+,Islam,20221025124423.jpg,"Moddonagar - Velanaga Rd",Dhaka,26598,Thakurgaon,,misyxaw@mailinator.com,"+880 121-451-7977","+880 121-451-7925",misyxaw@mailinator.com,1
71,Tushar,S3123,2022,Seven,A,,5,"Bimol Ghush","Nur Banu",Male,234567,2022-10-25,A+,Islam,20221025124505.jpg,"Dhaka-Khulna Hwy",Hajiganj,81962,Barguna,,salu@mailinator.com,"+880 121-451-7933","+880 121-451-7903",salu@mailinator.com,1
116,Yousuf,S3294,2022,Ten,A,,3,"Akbor Ali","Jhohora Banu",Male,23456789,2022-10-25,O+,Islam,20221025124551.jpg,"Meher-Rahima Nagar Road",Dhaka,26598,Thakurgaon,,misyxaw@mailinator.com,"+880 121-451-7978","+880 122-452-7926",misyxaw@mailinator.com,1
72,Susmita,S3426,2022,Seven,A,,6,"Bimol Ghush","Farhana Akter",Female,23456789,2022-10-25,AB-,Hinduism,20221025124700.jpg,Dhaka-Mymensingh,Hajiganj,18111,Panchagarh,,puzopytu@mailinator.com,"+880 121-451-7934","+880 122-452-7904",puzopytu@mailinator.com,1
117,Irfan,S3485,2022,Ten,A,,4,Jahid,"Dilruba Akter",Male,213456789,2022-10-25,O+,Islam,20221025124732.jpg,"Satarkul Vatara 1st Bridge","Khunia Palong",26598,Thakurgaon,,misyxaw@mailinator.com,"+880 121-451-7979","+880 121-451-7926",misyxaw@mailinator.com,1
51,"Elias ahmed",S3675,2022,Five,A,,7,"Faruk Ahmed","Nishat Tasnima",Male,123456789,2022-10-25,O+,Islam,20221025124758.jpg,"Dhaka - Patuakhali Highway",Burhanuddin,10116,Munshiganj,,cyram@mailinator.com,"+880 121-451-7915","+880 122-452-7911",cyram@mailinator.com,1
22,"Iftekar Hussain",S3765,2022,Two,A,,11,"Nur Hussain","Nur Jahara",Male,23456765,2022-10-23,O+,Islam,20221023174238.jpg,"Cox's Bazar-Teknaf Road","Khunia Palong",71601,Barguna,,cadewi@mailinator.com,"+880 122-452-7901","+880 122-452-7901",cadewi@mailinator.com,1
97,"DILRUBA AKTHER",S38,2022,Nine,A,,3,"Bertha English",Aakhi,Male,01878310170,2022-10-25,O+,Islam,20221025124841.jpg,"Dhaka - Chattogram Highway",Companiganj,36468,Barguna,,cadewi@mailinator.com,"+880 121-451-7959","+880 121-451-7916",cadewi@mailinator.com,1
111,Jahid,S39,2022,Ten,A,,3,Humayun,Tarin,Male,123456789,2022-10-25,O+,Islam,20221025124912.jpg,"Dhaka-Barishal Highway",Dhaka,26598,Thakurgaon,,misyxaw@mailinator.com,"+880 121-451-7973","+880 121-451-7923",misyxaw@mailinator.com,1
3,"Afran Nisho",S4149510,2022,One,A,,3,"Akbor Ali","Sabera Khatun",Male,"+880 122-452-7899",02/02/2025,A+,Islam,"Quos quia excepteur.jpeg","Chittagong-Kaptai Highway",Chattogram,91459,Cumilla,,texepaty@mailinator.com,"+880 121-451-7891","+880 122-452-7895",texepaty@mailinator.com,0
2,"Yeasmin Aktar",S51410,2022,One,A,,2,"Abul Kashem","Safura Khatun",Female,"+880 122-452-7899",01/01/1915,O-,Other,"Et vel necessitatibu.png","Chittagong Coastal Road",Chattogram,40916,Barguna,,cagyb@mailinator.com,"+880 122-452-7891","+880 121-451-7894",cagyb@mailinator.com,1
52,"Afsan Ali",S5400,2022,Five,A,,8,"Akbor Ali",Tarin,Male,09876543,2022-10-23,O+,Islam,20221023173812.jpg,"Dumki - Bauphal - Dashmina - Galachipa Highway",Burhanuddin,58882,Barguna,,cadewi@mailinator.com,"+880 122-452-7916","+880 122-452-7911",cadewi@mailinator.com,1
53,"Collin Dean",S7125,2022,Five,A,,9,"Belle Newton","Alina Grand",Male,12345678,2022-10-25,A+,Christianity,20221025124952.jpg,"Jhalokathi-Nobogram-Banaripara Rd",Dashmina,29278,Natore,,smartrahat@gmail.com,"+880 121-451-7916","+880 121-451-7911",smartrahat@gmail.com,1
54,Sabuj,S8850,2022,Five,A,,10,"Jashim Uddin","Sabera Khatun",Male,12345678,2022-10-25,O+,Islam,20221025125103.jpg,"Kirtipasha Rd",Dumki,79111,Barguna,,cadewi@mailinator.com,"+880 122-452-7917","+880 122-452-7912",cadewi@mailinator.com,1
